id,first_name,last_name,email,gender,ip_address
1,Dallon,Skune,dskune0@scribd.com,Male,34.173.40.155
2,Hamil,Clemensen,hclemensen1@stumbleupon.com,Male,170.92.11.182
3,Tuesday,Shalloo,tshalloo2@eepurl.com,Female,73.139.208.143
4,Wilone,Warrick,wwarrick3@friendfeed.com,Female,108.98.26.116
5,Vito,Soitoux,vsoitoux4@slashdot.org,Male,169.183.81.156
6,Ricki,Iohananof,riohananof5@chron.com,Female,210.132.11.202
7,Dolly,Pomeroy,dpomeroy6@imgur.com,Female,133.106.100.20
8,Winna,Cristobal,wcristobal7@com.com,Female,92.9.208.108
9,Dunc,Sibley,dsibley8@businesswire.com,Male,198.186.16.66
10,Ava,Mollene,amollene9@samsung.com,Female,39.138.246.229
11,Caryl,Bettles,cbettlesa@homestead.com,Female,45.162.54.187
12,Margareta,Lattimer,mlattimerb@redcross.org,Female,75.38.17.63
13,Jake,Romanin,jromaninc@bizjournals.com,Male,166.229.239.141
14,George,McHan,gmchand@mozilla.com,Female,48.93.141.160
15,Orville,Allwood,oallwoode@cyberchimps.com,Male,10.31.22.173
16,Helenka,Cheesman,hcheesmanf@blog.com,Female,226.241.18.165
17,Debby,Ogley,dogleyg@mashable.com,Female,62.124.122.117
18,Austen,Rough,aroughh@flavors.me,Male,182.214.175.54
19,Melonie,Raoult,mraoulti@e-recht24.de,Female,154.93.41.231
20,Xena,Quainton,xquaintonj@a8.net,Female,101.190.230.146
21,Laetitia,Ambrodi,lambrodik@eventbrite.com,Female,90.245.65.5
22,Lambert,Cockarill,lcockarilll@simplemachines.org,Male,248.64.246.251
23,Isador,Tremain,itremainm@google.nl,Male,14.134.90.255
24,Dael,Ramsell,dramselln@twitter.com,Male,73.178.103.168
25,Ludovico,Pley,lpleyo@china.com.cn,Male,121.191.170.2
26,Fielding,Cardus,fcardusp@ask.com,Male,246.162.81.253
27,Ginevra,Escalero,gescaleroq@reuters.com,Female,131.50.138.58
28,Domini,Rook,drookr@patch.com,Female,205.129.250.177
29,Carmon,Yanov,cyanovs@un.org,Female,89.24.67.222
30,Daven,Hammell,dhammellt@sfgate.com,Male,58.235.83.11
31,Windham,Bowlas,wbowlasu@home.pl,Male,78.9.148.22
32,Travers,Chadd,tchaddv@photobucket.com,Male,152.140.228.71
33,Sukey,McMeyler,smcmeylerw@nydailynews.com,Female,148.251.115.116
34,Rivalee,Geraud,rgeraudx@youtube.com,Female,162.133.131.135
35,Hillyer,Quesne,hquesney@nature.com,Male,213.230.107.174
36,Rubie,Tourle,rtourlez@vinaora.com,Female,111.159.55.26
37,Jule,Tirkin,jtirkin10@berkeley.edu,Male,221.182.161.20
38,Millicent,O'Hallagan,mohallagan11@nyu.edu,Female,63.17.149.199
39,Roanna,McIlhone,rmcilhone12@archive.org,Female,136.95.97.22
40,Kermy,Ousley,kousley13@google.ca,Male,130.191.231.36
41,Verile,Bahike,vbahike14@huffingtonpost.com,Female,79.18.2.88
42,Broderick,Schurig,bschurig15@google.cn,Male,89.211.143.200
43,Bengt,Schiementz,bschiementz16@buzzfeed.com,Male,50.9.65.119
44,Boigie,Mynett,bmynett17@ovh.net,Male,83.89.115.158
45,Evie,Harmeston,eharmeston18@sakura.ne.jp,Female,165.95.131.216
46,Bess,Clayworth,bclayworth19@wikia.com,Female,81.35.27.90
47,Koren,Martinetto,kmartinetto1a@cbc.ca,Female,28.82.19.89
48,Sholom,Lys,slys1b@ucoz.com,Male,167.34.47.41
49,Christoper,Lambirth,clambirth1c@netlog.com,Male,70.233.226.97
50,Oralle,Ludwig,oludwig1d@wikispaces.com,Female,250.154.163.128
51,Riannon,MacClay,rmacclay1e@google.nl,Female,247.104.6.98
52,Virgilio,Petrescu,vpetrescu1f@alexa.com,Male,186.210.92.60
53,Garik,Overthrow,goverthrow1g@php.net,Male,48.216.35.179
54,Reagen,Sign,rsign1h@illinois.edu,Male,123.243.197.216
55,Hew,Hurdidge,hhurdidge1i@nifty.com,Male,246.45.77.181
56,Morgan,Domaschke,mdomaschke1j@google.de,Female,46.122.231.224
57,Corny,Dodman,cdodman1k@house.gov,Male,70.76.185.18
58,Aida,Janway,ajanway1l@webnode.com,Female,6.45.241.142
59,Susy,Smallsman,ssmallsman1m@rediff.com,Female,103.50.92.85
60,Anitra,Diplock,adiplock1n@dagondesign.com,Female,31.206.143.20
61,Cammi,Bolwell,cbolwell1o@sciencedaily.com,Female,221.167.213.33
62,Bendite,Skitch,bskitch1p@nymag.com,Female,203.82.136.217
63,Noland,Peile,npeile1q@pbs.org,Male,39.108.20.190
64,Ronald,Espadater,respadater1r@ucoz.com,Male,119.215.140.15
65,Godwin,Hargate,ghargate1s@nbcnews.com,Male,203.72.101.230
66,Lon,Etchingham,letchingham1t@wired.com,Male,151.106.196.57
67,Forbes,Nijssen,fnijssen1u@cyberchimps.com,Male,186.237.116.90
68,Roda,Waberer,rwaberer1v@irs.gov,Female,89.50.158.184
69,Hamnet,Gowdridge,hgowdridge1w@google.com.br,Male,72.60.237.67
70,Wilma,Ygou,wygou1x@webeden.co.uk,Female,98.145.208.131
71,Elane,Remer,eremer1y@etsy.com,Female,218.247.140.123
72,Aldin,Tinkler,atinkler1z@issuu.com,Male,240.242.8.251
73,Sam,Kerner,skerner20@loc.gov,Male,7.74.130.88
74,Dene,Collete,dcollete21@arstechnica.com,Male,153.145.114.111
75,Tyler,Tortoise,ttortoise22@kickstarter.com,Male,192.208.56.76
76,Kaila,Guynemer,kguynemer23@bbc.co.uk,Female,140.187.197.18
77,Julissa,Mauger,jmauger24@rambler.ru,Female,129.133.151.162
78,Mark,Aguirre,maguirre25@123-reg.co.uk,Male,219.122.146.14
79,Karoly,Cholwell,kcholwell26@smugmug.com,Male,47.251.107.138
80,Brig,Ower,bower27@wikimedia.org,Male,178.128.58.136
81,Onfroi,Jeaffreson,ojeaffreson28@wikispaces.com,Male,65.218.231.11
82,Tristan,Hards,thards29@slate.com,Male,88.107.53.126
83,Garner,Roggeman,groggeman2a@barnesandnoble.com,Male,57.167.213.209
84,Moe,Yashin,myashin2b@youtube.com,Male,68.78.225.17
85,Kath,Acum,kacum2c@wikipedia.org,Female,205.170.129.51
86,Ame,Chater,achater2d@wikipedia.org,Female,102.5.197.250
87,Lemmie,Owtram,lowtram2e@feedburner.com,Male,187.238.201.123
88,Solomon,Eilhertsen,seilhertsen2f@simplemachines.org,Male,84.244.54.169
89,Natale,Belch,nbelch2g@nba.com,Male,196.198.208.142
90,Josias,Doody,jdoody2h@admin.ch,Male,68.78.42.47
91,Aurelea,London,alondon2i@telegraph.co.uk,Female,54.82.185.219
92,Arline,Scawn,ascawn2j@utexas.edu,Female,50.42.40.118
93,Lucie,Trafford,ltrafford2k@photobucket.com,Female,128.221.156.53
94,Koo,Woollam,kwoollam2l@printfriendly.com,Female,225.19.162.51
95,Arly,Fackney,afackney2m@drupal.org,Female,147.149.54.147
96,Oswell,Howkins,ohowkins2n@technorati.com,Male,150.67.47.147
97,Kayne,Bugden,kbugden2o@reuters.com,Male,214.195.41.1
98,Ephraim,Keatch,ekeatch2p@digg.com,Male,77.63.118.195
99,Jemmie,Joddens,jjoddens2q@marriott.com,Female,228.172.0.105
100,Cornie,Gyngyll,cgyngyll2r@ebay.co.uk,Male,222.153.86.44
101,Gerri,McGall,gmcgall2s@walmart.com,Female,168.228.98.165
102,Eugenius,Stoak,estoak2t@hostgator.com,Male,29.140.94.116
103,Sophi,McColley,smccolley2u@uol.com.br,Female,148.30.199.78
104,Chicky,Chessill,cchessill2v@ask.com,Female,98.207.137.67
105,Tan,Drynan,tdrynan2w@skype.com,Male,168.251.20.252
106,Clem,Piscopiello,cpiscopiello2x@dmoz.org,Female,84.111.209.100
107,Lydie,Janczyk,ljanczyk2y@instagram.com,Female,134.58.206.72
108,Morganica,Randal,mrandal2z@hc360.com,Female,1.61.153.31
109,Bourke,Novakovic,bnovakovic30@ucsd.edu,Male,40.132.103.152
110,Amelia,Roscoe,aroscoe31@instagram.com,Female,130.199.238.223
111,Kristopher,Pes,kpes32@shutterfly.com,Male,19.254.160.174
112,Elwood,Prazor,eprazor33@psu.edu,Male,254.58.130.211
113,Maxwell,Welbrock,mwelbrock34@uol.com.br,Male,73.88.111.87
114,Raphael,Grumble,rgrumble35@parallels.com,Male,198.163.138.171
115,Lanette,Tarbet,ltarbet36@utexas.edu,Female,143.15.29.28
116,Ferdie,Heminsley,fheminsley37@themeforest.net,Male,141.157.243.209
117,Carie,Twyford,ctwyford38@cnbc.com,Female,162.177.254.224
118,Tomi,Monshall,tmonshall39@noaa.gov,Female,10.50.145.194
119,Sauveur,Kitchenham,skitchenham3a@addtoany.com,Male,100.7.229.77
120,Tiertza,O'Growgane,togrowgane3b@goo.gl,Female,105.169.81.168
121,Garry,Ivanusyev,givanusyev3c@skyrock.com,Male,120.82.97.137
122,Con,Denisovich,cdenisovich3d@pcworld.com,Female,229.107.42.42
123,Alexandr,Call,acall3e@dyndns.org,Male,66.80.252.86
124,Maiga,Darrow,mdarrow3f@geocities.com,Female,177.161.97.199
125,Waldemar,Platts,wplatts3g@newyorker.com,Male,159.15.157.193
126,Jone,Casseldine,jcasseldine3h@blogs.com,Male,22.117.0.173
127,Avis,Honsch,ahonsch3i@un.org,Female,203.188.94.99
128,Bebe,Bayman,bbayman3j@unesco.org,Female,250.65.142.254
129,Aurlie,Littleover,alittleover3k@discovery.com,Female,225.29.42.220
130,Arnie,Rapley,arapley3l@gov.uk,Male,248.154.44.148
131,Minne,Feasby,mfeasby3m@youtu.be,Female,242.237.54.139
132,Gabriello,Drewe,gdrewe3n@reuters.com,Male,246.5.108.101
133,Ellynn,Glozman,eglozman3o@microsoft.com,Female,48.1.96.90
134,Leone,Kilfeder,lkilfeder3p@uiuc.edu,Female,91.173.11.61
135,Kaela,Riccio,kriccio3q@wp.com,Female,191.134.211.170
136,Joel,Bartels-Ellis,jbartelsellis3r@fotki.com,Male,141.158.169.86
137,Aksel,Cardenoso,acardenoso3s@mapquest.com,Male,153.119.121.243
138,Deck,Old,dold3t@topsy.com,Male,59.237.111.122
139,Scarlett,Ibbitt,sibbitt3u@shareasale.com,Female,240.192.248.127
140,Zebedee,Isgar,zisgar3v@irs.gov,Male,176.93.220.55
141,Rebecca,Staff,rstaff3w@soundcloud.com,Female,99.204.176.30
142,Kelsi,O'Hagerty,kohagerty3x@geocities.com,Female,166.3.50.88
143,Carma,Jane,cjane3y@qq.com,Female,194.186.120.195
144,Benni,Seeler,bseeler3z@columbia.edu,Female,226.99.198.76
145,Nehemiah,Showell,nshowell40@amazon.co.uk,Male,202.88.212.210
146,Colas,Clerk,cclerk41@cmu.edu,Male,207.238.172.47
147,Connie,Petran,cpetran42@aol.com,Male,248.113.187.85
148,Micaela,Lewson,mlewson43@altervista.org,Female,51.94.137.240
149,Julie,Seton,jseton44@wordpress.org,Male,249.93.43.197
150,Corby,Kachel,ckachel45@samsung.com,Male,18.161.21.7
151,Pietrek,MacMeanma,pmacmeanma46@friendfeed.com,Male,176.31.188.44
152,Duffy,Dodsley,ddodsley47@mail.ru,Male,114.56.184.146
153,Averil,Grayshan,agrayshan48@4shared.com,Male,244.100.140.2
154,Hale,Guynemer,hguynemer49@diigo.com,Male,179.60.147.185
155,Holly,Dufer,hdufer4a@yandex.ru,Male,128.100.255.225
156,Abelard,Martinolli,amartinolli4b@un.org,Male,20.228.142.65
157,Eolande,Giovannacci,egiovannacci4c@weather.com,Female,194.183.36.104
158,Dominik,Penberthy,dpenberthy4d@ihg.com,Male,218.1.4.151
159,Myrtle,Cristoferi,mcristoferi4e@oaic.gov.au,Female,1.104.140.250
160,Elisa,Autrie,eautrie4f@senate.gov,Female,152.52.147.148
161,Isabelle,Lambourne,ilambourne4g@go.com,Female,37.41.23.175
162,Adelaide,Buckett,abuckett4h@accuweather.com,Female,35.128.122.143
163,Micheal,Roper,mroper4i@freewebs.com,Male,53.237.201.132
164,Doe,Scantleberry,dscantleberry4j@mapy.cz,Female,21.216.65.142
165,Willey,Macken,wmacken4k@yahoo.co.jp,Male,241.230.131.199
166,Greggory,Goane,ggoane4l@barnesandnoble.com,Male,184.85.90.79
167,Cristian,Lempenny,clempenny4m@phoca.cz,Male,131.226.21.209
168,Farly,Steward,fsteward4n@cornell.edu,Male,226.39.206.64
169,Lindsey,Gerrad,lgerrad4o@hud.gov,Female,10.205.205.239
170,Kort,Kynman,kkynman4p@cnn.com,Male,239.225.80.182
171,Marita,Posthill,mposthill4q@pen.io,Female,59.68.133.6
172,Adda,Tyrrell,atyrrell4r@last.fm,Female,48.215.203.138
173,Vinni,Normanvell,vnormanvell4s@dailymotion.com,Female,157.60.244.160
174,Robbie,Batting,rbatting4t@forbes.com,Male,170.175.154.244
175,Godfrey,Manton,gmanton4u@pcworld.com,Male,160.48.125.181
176,Vaughn,Bencher,vbencher4v@gravatar.com,Male,195.157.199.87
177,Ashlee,Delagua,adelagua4w@statcounter.com,Female,168.50.94.103
178,Christoper,Ianinotti,cianinotti4x@illinois.edu,Male,224.173.216.231
179,Gay,Learmonth,glearmonth4y@tripadvisor.com,Male,55.116.196.233
180,Alisander,Ruddom,aruddom4z@ucoz.ru,Male,114.109.122.149
181,Marla,Silverson,msilverson50@kickstarter.com,Female,37.182.149.184
182,Mata,Van Salzberger,mvansalzberger51@fc2.com,Male,87.119.81.233
183,Constance,Gorrie,cgorrie52@exblog.jp,Female,250.37.217.89
184,Lexine,Raithmill,lraithmill53@dot.gov,Female,217.95.75.183
185,Alric,Wilton,awilton54@privacy.gov.au,Male,217.184.77.138
186,Carree,Domerq,cdomerq55@scientificamerican.com,Female,14.76.195.82
187,Gilemette,Poleykett,gpoleykett56@salon.com,Female,112.217.248.118
188,Ephraim,Fierro,efierro57@comcast.net,Male,192.119.169.194
189,Brock,Vlasov,bvlasov58@google.de,Male,186.107.46.135
190,Gilburt,Kruszelnicki,gkruszelnicki59@google.co.uk,Male,50.63.49.27
191,Tab,Betteriss,tbetteriss5a@skyrock.com,Male,175.92.31.189
192,Odessa,Peascod,opeascod5b@ezinearticles.com,Female,42.242.122.236
193,Berti,Barsam,bbarsam5c@yandex.ru,Female,160.4.226.149
194,Denny,MacAllan,dmacallan5d@state.gov,Female,147.84.53.62
195,Scarlett,Howlett,showlett5e@icq.com,Female,133.19.128.55
196,Raff,Grishakin,rgrishakin5f@fastcompany.com,Male,180.205.78.29
197,Lilith,Weyman,lweyman5g@angelfire.com,Female,124.134.139.71
198,Spike,Duffy,sduffy5h@rakuten.co.jp,Male,163.106.212.124
199,Cecilio,Grimston,cgrimston5i@netvibes.com,Male,170.254.17.23
200,Gardy,Hazeltine,ghazeltine5j@free.fr,Male,211.202.124.154
201,Geraldine,Chalfant,gchalfant5k@ed.gov,Female,147.210.117.147
202,Pearl,Antonikov,pantonikov5l@infoseek.co.jp,Female,82.100.30.11
203,Sella,Wherton,swherton5m@nifty.com,Female,12.55.156.86
204,Wilt,Maffioletti,wmaffioletti5n@blogger.com,Male,25.41.59.236
205,Janos,Iffe,jiffe5o@twitter.com,Male,138.244.80.104
206,Nancee,Grannell,ngrannell5p@ted.com,Female,22.117.136.138
207,Artemis,Mish,amish5q@va.gov,Male,75.243.183.111
208,Hartley,Lupton,hlupton5r@howstuffworks.com,Male,78.3.184.41
209,Viva,Cordel,vcordel5s@prweb.com,Female,231.115.77.215
210,Tiena,Ferie,tferie5t@yellowpages.com,Female,221.95.164.43
211,Danya,Plumb,dplumb5u@newsvine.com,Female,89.130.46.183
212,Lucretia,Ashcroft,lashcroft5v@theatlantic.com,Female,10.120.173.84
213,Brand,Kliesl,bkliesl5w@homestead.com,Male,83.96.6.150
214,Bernita,Mayte,bmayte5x@ameblo.jp,Female,22.208.0.162
215,Pooh,Cochran,pcochran5y@topsy.com,Female,233.18.184.230
216,Dilly,Salamon,dsalamon5z@vkontakte.ru,Male,238.61.37.244
217,Roda,Sissland,rsissland60@cmu.edu,Female,84.91.122.65
218,Clarie,Raff,craff61@zimbio.com,Female,83.245.98.140
219,Daisey,Babonau,dbabonau62@nymag.com,Female,100.70.214.172
220,Marlon,Tawse,mtawse63@opensource.org,Male,178.142.118.50
221,Cayla,Fitzpatrick,cfitzpatrick64@wunderground.com,Female,228.209.114.247
222,Charmain,Garaway,cgaraway65@forbes.com,Female,81.132.173.179
223,Herbert,Caldwall,hcaldwall66@xrea.com,Male,42.52.139.222
224,Grayce,Halle,ghalle67@telegraph.co.uk,Female,220.232.30.141
225,Hollyanne,Rippon,hrippon68@army.mil,Female,238.219.176.117
226,Jehanna,Toulch,jtoulch69@foxnews.com,Female,131.225.61.250
227,Nessa,Merrywether,nmerrywether6a@bluehost.com,Female,92.26.233.22
228,Land,Chesnay,lchesnay6b@etsy.com,Male,233.49.85.248
229,Lorne,McInulty,lmcinulty6c@seattletimes.com,Female,70.223.165.44
230,Yvette,Brosh,ybrosh6d@prweb.com,Female,235.161.186.52
231,Jayson,Balsdon,jbalsdon6e@virginia.edu,Male,202.84.84.190
232,Annabal,Gerritsma,agerritsma6f@t.co,Female,61.232.113.132
233,Odell,Kimmitt,okimmitt6g@ucoz.ru,Male,90.56.98.230
234,Yves,Frizell,yfrizell6h@webmd.com,Male,125.198.242.111
235,Christophorus,Lecordier,clecordier6i@cornell.edu,Male,239.138.16.142
236,Gun,Creffeild,gcreffeild6j@xrea.com,Male,206.62.34.23
237,Marna,Evitts,mevitts6k@dropbox.com,Female,173.105.227.20
238,Irena,Boswell,iboswell6l@cocolog-nifty.com,Female,162.1.34.121
239,Meade,McGeraghty,mmcgeraghty6m@twitter.com,Female,235.59.59.174
240,Olga,Shiel,oshiel6n@huffingtonpost.com,Female,238.203.245.70
241,Deeyn,Richardon,drichardon6o@about.com,Female,188.164.248.53
242,Ellissa,Egger,eegger6p@imageshack.us,Female,157.185.31.28
243,Ring,Laxtonne,rlaxtonne6q@gov.uk,Male,104.175.88.90
244,Ingemar,Alexandre,ialexandre6r@va.gov,Male,11.40.143.188
245,Gerrie,Barnwille,gbarnwille6s@reverbnation.com,Female,72.176.63.120
246,Neile,Giametti,ngiametti6t@exblog.jp,Female,198.44.56.216
247,Collen,Dowse,cdowse6u@independent.co.uk,Female,105.112.9.205
248,Tobin,Checchetelli,tchecchetelli6v@opera.com,Male,111.215.16.125
249,Dionisio,Dumingos,ddumingos6w@wix.com,Male,143.250.151.207
250,Konrad,Gosnell,kgosnell6x@booking.com,Male,148.92.85.148
251,Clementius,Sibborn,csibborn6y@sphinn.com,Male,164.215.204.211
252,Haydon,Aimeric,haimeric6z@cargocollective.com,Male,117.82.49.125
253,Marnia,McKain,mmckain70@bigcartel.com,Female,141.31.27.102
254,Delmor,Sturch,dsturch71@businesswire.com,Male,145.60.100.60
255,Kippar,Lettington,klettington72@nymag.com,Male,236.10.115.152
256,Aldridge,Primak,aprimak73@bluehost.com,Male,239.167.241.28
257,Giraldo,Jellings,gjellings74@ox.ac.uk,Male,242.114.140.200
258,Damon,Woodford,dwoodford75@naver.com,Male,47.106.122.183
259,Almeta,Casaroli,acasaroli76@reverbnation.com,Female,95.245.42.239
260,Blinni,Younglove,byounglove77@jimdo.com,Female,163.115.82.130
261,L;urette,Pellissier,lpellissier78@biglobe.ne.jp,Female,154.54.150.28
262,Rozalie,Beevors,rbeevors79@house.gov,Female,255.176.78.247
263,Deni,Pinyon,dpinyon7a@usa.gov,Female,229.114.71.176
264,Karyn,Pancoast,kpancoast7b@pagesperso-orange.fr,Female,112.48.135.101
265,Theda,Attwoul,tattwoul7c@fotki.com,Female,122.31.68.52
266,Erny,Smitherman,esmitherman7d@rambler.ru,Male,198.148.45.103
267,Gabriellia,Mace,gmace7e@nature.com,Female,189.43.9.9
268,Tome,Bowcock,tbowcock7f@1und1.de,Male,214.140.143.135
269,Timothy,Johanchon,tjohanchon7g@engadget.com,Male,224.245.132.96
270,Leah,Ferfulle,lferfulle7h@wunderground.com,Female,81.163.79.197
271,Jobina,Beer,jbeer7i@phoca.cz,Female,38.74.35.19
272,Correna,Voelker,cvoelker7j@mlb.com,Female,78.192.239.139
273,Kellen,Ledford,kledford7k@macromedia.com,Male,66.132.155.71
274,Kirsteni,Tuckwood,ktuckwood7l@hao123.com,Female,24.11.69.121
275,Ynes,Bootell,ybootell7m@marketwatch.com,Female,32.172.245.31
276,Jeth,Redsull,jredsull7n@imdb.com,Male,41.60.247.165
277,Siegfried,Heineke,sheineke7o@soundcloud.com,Male,233.137.228.61
278,Herve,Shitliffe,hshitliffe7p@narod.ru,Male,251.7.10.118
279,Chere,Hewins,chewins7q@mediafire.com,Female,252.117.59.39
280,Karine,Dufer,kdufer7r@theguardian.com,Female,156.205.227.102
281,Delly,Cowcha,dcowcha7s@wordpress.org,Female,83.102.212.202
282,Farrel,Ossenna,fossenna7t@ameblo.jp,Male,120.160.140.124
283,Ekaterina,Alderson,ealderson7u@theatlantic.com,Female,41.183.14.45
284,Jenifer,Pietesch,jpietesch7v@t.co,Female,148.169.27.184
285,Worthy,Dumberell,wdumberell7w@multiply.com,Male,201.227.10.171
286,L;urette,Karus,lkarus7x@mozilla.org,Female,120.100.18.200
287,Delmar,Colquite,dcolquite7y@loc.gov,Male,251.206.236.178
288,Andee,Tiller,atiller7z@archive.org,Female,55.200.58.136
289,Wallie,Jorcke,wjorcke80@weebly.com,Male,8.44.94.59
290,Leigh,Aslet,laslet81@mapy.cz,Male,66.59.195.20
291,Roseann,Owthwaite,rowthwaite82@mozilla.org,Female,130.233.214.30
292,Lianne,Kenworth,lkenworth83@biglobe.ne.jp,Female,136.58.251.241
293,Clayton,Mansuer,cmansuer84@bluehost.com,Male,149.25.84.143
294,Roxi,Yabsley,ryabsley85@guardian.co.uk,Female,175.252.194.204
295,Christopher,Levecque,clevecque86@china.com.cn,Male,119.184.29.229
296,Sandie,Balstone,sbalstone87@domainmarket.com,Female,165.97.32.71
297,Kevyn,Eyer,keyer88@dot.gov,Female,224.252.35.2
298,Odelinda,Bradnum,obradnum89@army.mil,Female,160.178.215.154
299,Eldin,MacHarg,emacharg8a@sitemeter.com,Male,14.243.185.37
300,Orelie,Boldison,oboldison8b@nasa.gov,Female,180.8.246.41
301,Prentice,Newman,pnewman8c@discuz.net,Male,112.50.207.198
302,Lazaro,Cattrall,lcattrall8d@pinterest.com,Male,74.198.227.128
303,Lancelot,Gitting,lgitting8e@360.cn,Male,196.194.22.42
304,Beatrix,Attew,battew8f@irs.gov,Female,116.64.58.75
305,Kylie,Gammill,kgammill8g@harvard.edu,Male,113.47.55.105
306,Angy,Tremlett,atremlett8h@eepurl.com,Female,232.94.29.162
307,Judi,Cleare,jcleare8i@gov.uk,Female,80.107.161.59
308,Chic,Franciottoi,cfranciottoi8j@archive.org,Male,31.171.222.214
309,Thatcher,Phipp,tphipp8k@jugem.jp,Male,107.141.165.145
310,Ellis,Chomicz,echomicz8l@networkadvertising.org,Male,122.43.60.253
311,Thaddus,Mariotte,tmariotte8m@163.com,Male,61.162.26.224
312,Alain,Newlyn,anewlyn8n@last.fm,Male,59.182.162.14
313,Malory,Fetherstonhaugh,mfetherstonhaugh8o@foxnews.com,Female,206.79.189.32
314,Carney,Gwatkins,cgwatkins8p@tiny.cc,Male,243.90.157.222
315,Ransell,Farnham,rfarnham8q@nhs.uk,Male,48.109.35.66
316,West,Klagges,wklagges8r@netvibes.com,Male,230.255.148.30
317,Briggs,Negri,bnegri8s@google.com,Male,109.229.235.89
318,Natalie,Saurat,nsaurat8t@wufoo.com,Female,190.100.248.191
319,Beck,Dorken,bdorken8u@nhs.uk,Male,248.225.34.195
320,Agata,Harriagn,aharriagn8v@cdc.gov,Female,33.121.224.1
321,Nelly,Alliberton,nalliberton8w@behance.net,Female,67.88.123.252
322,Corinna,Viccary,cviccary8x@nifty.com,Female,201.14.33.162
323,Cullie,Lumley,clumley8y@mlb.com,Male,144.92.94.126
324,Ambrose,Roast,aroast8z@google.it,Male,125.31.229.163
325,Hugues,Kelmere,hkelmere90@blogs.com,Male,108.53.222.39
326,Jordain,Beeston,jbeeston91@alexa.com,Female,34.35.152.241
327,Salomi,Atlay,satlay92@imageshack.us,Female,161.146.209.28
328,Arch,Quarton,aquarton93@google.ca,Male,92.78.225.165
329,Brooke,Iacovini,biacovini94@sohu.com,Male,98.63.188.43
330,Ashlee,De Luna,adeluna95@ed.gov,Female,250.240.198.83
331,Raychel,Cotta,rcotta96@edublogs.org,Female,1.171.160.191
332,Carline,Baversor,cbaversor97@cpanel.net,Female,128.7.145.124
333,Marina,De la Barre,mdelabarre98@youku.com,Female,111.206.69.149
334,Susanne,Lawlance,slawlance99@spiegel.de,Female,6.189.189.157
335,Guillermo,Aspinell,gaspinell9a@bloglines.com,Male,54.198.143.64
336,Dora,Apted,dapted9b@booking.com,Female,64.193.22.106
337,Kalie,Reide,kreide9c@vk.com,Female,71.60.111.89
338,Bartolomeo,Bliven,bbliven9d@xrea.com,Male,37.79.128.43
339,Allard,Eadmeads,aeadmeads9e@bandcamp.com,Male,237.27.154.198
340,Hansiain,Bellchamber,hbellchamber9f@google.pl,Male,184.78.164.218
341,Giacobo,Emblin,gemblin9g@cbslocal.com,Male,28.120.239.242
342,Adlai,Extal,aextal9h@google.com.au,Male,159.183.216.211
343,Dreddy,Twinborough,dtwinborough9i@oakley.com,Female,202.252.4.28
344,Towny,Boultwood,tboultwood9j@mozilla.com,Male,196.19.226.182
345,Rorie,O'Scandall,roscandall9k@theglobeandmail.com,Female,67.14.12.141
346,Vonny,Giles,vgiles9l@go.com,Female,57.25.38.152
347,Gamaliel,Huxstep,ghuxstep9m@comsenz.com,Male,252.3.164.129
348,Nancie,O'Loinn,noloinn9n@gizmodo.com,Female,122.109.240.196
349,Tessa,Shafier,tshafier9o@ibm.com,Female,16.192.59.67
350,Harlen,Pendlebery,hpendlebery9p@domainmarket.com,Male,49.77.25.47
351,Maryellen,Butterley,mbutterley9q@amazon.com,Female,81.105.189.216
352,Kienan,Henker,khenker9r@google.com.au,Male,177.132.184.146
353,Joshuah,Klouz,jklouz9s@ebay.co.uk,Male,151.203.209.219
354,Goldi,Mularkey,gmularkey9t@xing.com,Female,39.187.55.24
355,Jeni,Gjerde,jgjerde9u@discovery.com,Female,46.203.229.243
356,Bibbie,St. Quentin,bstquentin9v@cisco.com,Female,6.0.141.137
357,Marney,Franzel,mfranzel9w@over-blog.com,Female,131.205.214.151
358,Teodora,Himsworth,thimsworth9x@exblog.jp,Female,253.108.162.58
359,Morissa,Quartermaine,mquartermaine9y@mozilla.com,Female,186.229.205.202
360,Pauly,Tottem,ptottem9z@ebay.com,Female,250.166.112.0
361,Dehlia,Codrington,dcodringtona0@woothemes.com,Female,94.196.85.185
362,Broddy,Eingerfield,beingerfielda1@epa.gov,Male,47.18.176.250
363,Stephanie,Caldecott,scaldecotta2@meetup.com,Female,21.221.231.119
364,Kissie,Renvoys,krenvoysa3@tripadvisor.com,Female,16.184.75.236
365,Hughie,Peet,hpeeta4@flickr.com,Male,233.61.197.193
366,Jon,Gimblett,jgimbletta5@tuttocitta.it,Male,213.196.12.172
367,Tabbatha,Willshear,twillsheara6@alibaba.com,Female,72.208.133.127
368,Jourdain,Mateo,jmateoa7@princeton.edu,Male,55.10.226.50
369,Lianna,Knightly,lknightlya8@facebook.com,Female,109.85.96.60
370,Shannah,Petz,spetza9@unblog.fr,Female,114.158.89.210
371,Corny,Axel,caxelaa@xing.com,Male,164.124.135.120
372,Heidi,Tucknutt,htucknuttab@opensource.org,Female,223.4.131.146
373,Gale,McKiernan,gmckiernanac@netlog.com,Female,220.73.158.135
374,Domini,Ireson,diresonad@cargocollective.com,Female,113.124.184.152
375,Sandor,Croughan,scroughanae@redcross.org,Male,249.98.112.93
376,Cleve,Sicha,csichaaf@elegantthemes.com,Male,199.89.52.216
377,Smitty,Joyes,sjoyesag@opera.com,Male,155.192.204.150
378,Constancy,Geraldez,cgeraldezah@alexa.com,Female,254.199.1.143
379,Jackie,Bess,jbessai@sciencedirect.com,Male,68.97.224.208
380,Bartlett,Vine,bvineaj@ft.com,Male,136.134.68.27
381,Carolan,Whitelock,cwhitelockak@theglobeandmail.com,Female,45.161.91.203
382,Lindsey,Castiello,lcastielloal@shinystat.com,Male,227.171.122.168
383,Hale,Matches,hmatchesam@walmart.com,Male,104.24.27.54
384,Kaleb,Oldcote,koldcotean@addtoany.com,Male,55.199.216.54
385,Trixie,Staves,tstavesao@alexa.com,Female,228.176.71.57
386,Shandy,Wolpert,swolpertap@artisteer.com,Female,23.0.230.236
387,Frasco,Danbrook,fdanbrookaq@wsj.com,Male,48.251.78.166
388,Drugi,Vigrass,dvigrassar@youku.com,Male,134.189.216.156
389,Jannelle,Bengall,jbengallas@privacy.gov.au,Female,26.157.107.51
390,Erena,Axtonne,eaxtonneat@cyberchimps.com,Female,99.90.32.239
391,Merna,Wherton,mwhertonau@nifty.com,Female,134.123.232.128
392,Feliza,Dorracott,fdorracottav@purevolume.com,Female,211.241.144.65
393,Timothea,Lakey,tlakeyaw@google.co.uk,Female,67.134.72.112
394,Conrade,Skelding,cskeldingax@marketwatch.com,Male,254.166.135.179
395,Almeda,Wasielewicz,awasielewiczay@wunderground.com,Female,249.228.124.14
396,Edyth,Brickner,ebrickneraz@youtube.com,Female,216.20.187.59
397,Chris,Gomm,cgommb0@examiner.com,Female,127.227.114.209
398,Zebulen,Trickey,ztrickeyb1@irs.gov,Male,51.46.88.50
399,Lovell,Cleef,lcleefb2@freewebs.com,Male,107.207.116.188
400,Edvard,Lichfield,elichfieldb3@slideshare.net,Male,178.229.134.34
401,Rich,Strangeway,rstrangewayb4@smugmug.com,Male,252.2.118.246
402,Barclay,Maris,bmarisb5@cloudflare.com,Male,129.144.169.221
403,Zorah,Kenton,zkentonb6@wikimedia.org,Female,94.98.131.144
404,Julian,Gartland,jgartlandb7@hc360.com,Male,78.168.60.213
405,Joly,Rumbelow,jrumbelowb8@mlb.com,Female,126.116.184.60
406,Kellen,Marcone,kmarconeb9@bing.com,Male,52.95.154.80
407,Buddy,Nacci,bnacciba@de.vu,Male,253.8.228.128
408,Damien,Cantua,dcantuabb@simplemachines.org,Male,38.24.73.128
409,Norrie,Beauly,nbeaulybc@marketwatch.com,Male,54.32.205.151
410,Atlanta,Cervantes,acervantesbd@amazon.co.uk,Female,50.226.183.19
411,Eirena,Tarrant,etarrantbe@washingtonpost.com,Female,245.152.42.99
412,Ainslie,Thurstance,athurstancebf@zdnet.com,Female,19.90.191.220
413,Alfons,Whelband,awhelbandbg@wikimedia.org,Male,132.207.28.128
414,Mirella,Athelstan,mathelstanbh@xrea.com,Female,185.179.216.208
415,Isidro,Shawley,ishawleybi@arstechnica.com,Male,132.248.32.217
416,Ede,Pemberton,epembertonbj@slashdot.org,Female,206.192.75.47
417,Jacquetta,O' Concannon,joconcannonbk@unicef.org,Female,95.165.239.150
418,Peggy,Luckwell,pluckwellbl@umich.edu,Female,156.52.13.37
419,Marion,Gavey,mgaveybm@soundcloud.com,Male,60.203.249.145
420,Miran,Simoncello,msimoncellobn@wikimedia.org,Female,87.100.217.217
421,Milissent,Wycliffe,mwycliffebo@rediff.com,Female,32.120.235.124
422,Matthus,McCaig,mmccaigbp@arstechnica.com,Male,173.103.34.9
423,Bren,Osbidston,bosbidstonbq@parallels.com,Female,27.234.209.212
424,Gris,Broadbridge,gbroadbridgebr@devhub.com,Male,201.229.241.194
425,Maure,Gillise,mgillisebs@kickstarter.com,Female,87.126.133.4
426,Billie,Kealy,bkealybt@amazon.co.jp,Male,70.120.66.90
427,Lilli,Saul,lsaulbu@bluehost.com,Female,132.15.14.147
428,Dacie,Allbut,dallbutbv@ebay.com,Female,1.173.247.126
429,Eldridge,Creech,ecreechbw@shop-pro.jp,Male,66.67.123.166
430,Malanie,Whilder,mwhilderbx@marriott.com,Female,47.184.216.63
431,Agna,Stitfall,astitfallby@4shared.com,Female,167.188.80.75
432,Levi,Philipeau,lphilipeaubz@bluehost.com,Male,202.77.229.220
433,Karlie,Twidle,ktwidlec0@nasa.gov,Female,63.161.48.143
434,Erika,Farthin,efarthinc1@engadget.com,Female,190.138.255.60
435,Erica,Suero,esueroc2@slideshare.net,Female,27.169.11.244
436,Fransisco,Barfoot,fbarfootc3@geocities.com,Male,63.161.17.251
437,Koo,Dishman,kdishmanc4@infoseek.co.jp,Female,239.15.31.141
438,Row,Spedroni,rspedronic5@craigslist.org,Female,254.101.106.87
439,Duffie,D'Oyley,ddoyleyc6@nih.gov,Male,134.48.217.40
440,Loren,Hambric,lhambricc7@seattletimes.com,Male,99.254.99.34
441,Zorana,Widdowfield,zwiddowfieldc8@tinypic.com,Female,72.44.52.104
442,Orelia,Schule,oschulec9@stumbleupon.com,Female,134.105.108.165
443,Elihu,Biggans,ebiggansca@usgs.gov,Male,187.0.14.232
444,Olivero,Newlands,onewlandscb@miibeian.gov.cn,Male,239.16.140.158
445,Orlan,Vogele,ovogelecc@discovery.com,Male,248.88.201.207
446,Lyndsey,Ringer,lringercd@tiny.cc,Female,197.230.109.143
447,Kerri,Cottem,kcottemce@weather.com,Female,233.179.138.199
448,Holly,Valentinetti,hvalentinetticf@reuters.com,Male,163.59.146.194
449,Nicolette,Keller,nkellercg@google.de,Female,189.37.84.218
450,Linnea,Grigson,lgrigsonch@pinterest.com,Female,252.2.132.94
451,Nevin,Blinde,nblindeci@jalbum.net,Male,223.30.127.254
452,Kennedy,Laming,klamingcj@odnoklassniki.ru,Male,126.254.51.118
453,Pablo,O'Hone,pohoneck@istockphoto.com,Male,117.168.58.143
454,Paloma,Hullot,phullotcl@hubpages.com,Female,86.47.79.246
455,Peyter,Schollick,pschollickcm@blogtalkradio.com,Male,9.115.183.233
456,Clemmie,Fortin,cfortincn@dailymail.co.uk,Male,92.223.141.193
457,Tanney,Bromidge,tbromidgeco@mac.com,Male,124.228.188.1
458,Leoine,McCulley,lmcculleycp@aol.com,Female,188.230.211.211
459,Sadella,Simcoe,ssimcoecq@macromedia.com,Female,70.47.150.67
460,Bamby,Ditchfield,bditchfieldcr@illinois.edu,Female,160.201.220.28
461,Tabbie,Primmer,tprimmercs@hostgator.com,Male,141.144.241.51
462,Armstrong,Tendahl,atendahlct@skyrock.com,Male,204.217.120.105
463,Rance,Wimbridge,rwimbridgecu@huffingtonpost.com,Male,127.147.95.32
464,Mathian,Todhunter,mtodhuntercv@123-reg.co.uk,Male,54.86.194.107
465,Almeta,Bortoli,abortolicw@sciencedaily.com,Female,45.151.187.236
466,Lib,Kiehne,lkiehnecx@stumbleupon.com,Female,46.5.115.140
467,Virgie,Markushkin,vmarkushkincy@japanpost.jp,Female,76.34.69.209
468,Valentine,Chasmoor,vchasmoorcz@ezinearticles.com,Male,55.107.70.21
469,Orville,Seth,osethd0@behance.net,Male,60.3.198.214
470,Kyle,Risdale,krisdaled1@netlog.com,Female,136.142.166.147
471,Alexi,Winsiowiecki,awinsiowieckid2@imgur.com,Female,186.105.201.121
472,Wallis,Cawdell,wcawdelld3@cmu.edu,Male,188.221.99.220
473,Annadiane,Bartalot,abartalotd4@clickbank.net,Female,220.83.105.156
474,Kally,Unwin,kunwind5@mediafire.com,Female,158.252.173.138
475,Meade,Cardis,mcardisd6@sohu.com,Male,53.246.56.67
476,Garik,Ducket,gducketd7@illinois.edu,Male,140.191.131.91
477,Ashely,Orlton,aorltond8@netscape.com,Female,197.251.5.144
478,Aylmer,Dumper,adumperd9@unc.edu,Male,199.127.34.195
479,Shandy,Grafton,sgraftonda@oracle.com,Female,179.121.143.21
480,Baird,Shoosmith,bshoosmithdb@mit.edu,Male,91.125.255.49
481,Ardyce,Crang,acrangdc@sakura.ne.jp,Female,85.192.109.167
482,Wilton,Creus,wcreusdd@weibo.com,Male,126.43.205.234
483,Winthrop,Azema,wazemade@comcast.net,Male,196.104.143.85
484,Jackie,McGarry,jmcgarrydf@google.ca,Female,48.97.169.117
485,Isadora,Chettle,ichettledg@woothemes.com,Female,40.62.113.185
486,Efrem,Dietz,edietzdh@storify.com,Male,82.99.57.203
487,Sandi,Skowcraft,sskowcraftdi@msu.edu,Female,119.57.131.71
488,Reynard,Normanville,rnormanvilledj@cbsnews.com,Male,188.225.168.208
489,Brnaba,Cureton,bcuretondk@wufoo.com,Male,138.85.231.101
490,Larissa,Stoter,lstoterdl@ox.ac.uk,Female,166.39.93.175
491,Antonio,Westley,awestleydm@weather.com,Male,16.66.196.118
492,Adriana,Kinton,akintondn@cdbaby.com,Female,226.9.170.159
493,Marika,Sprason,msprasondo@clickbank.net,Female,55.220.197.183
494,Tommy,Grishmanov,tgrishmanovdp@soup.io,Male,219.52.167.7
495,Adan,Silkston,asilkstondq@ezinearticles.com,Male,224.20.171.180
496,Myrilla,Vassall,mvassalldr@people.com.cn,Female,134.196.73.14
497,Wylie,Soaper,wsoaperds@discuz.net,Male,49.253.248.1
498,Francklin,Ambler,famblerdt@sitemeter.com,Male,182.127.50.48
499,Alysia,Stendell,astendelldu@princeton.edu,Female,50.254.180.252
500,Quillan,Evequot,qevequotdv@blogtalkradio.com,Male,77.201.120.176
501,Jillane,Kilfoyle,jkilfoyledw@unesco.org,Female,55.107.1.130
502,Deeyn,Kalkofer,dkalkoferdx@epa.gov,Female,222.184.51.43
503,Linea,Pinchbeck,lpinchbeckdy@un.org,Female,207.111.52.217
504,Xever,Bendik,xbendikdz@arizona.edu,Male,187.18.3.201
505,Rosina,Yvens,ryvense0@state.tx.us,Female,55.146.109.94
506,Michelle,Habden,mhabdene1@quantcast.com,Female,110.4.235.156
507,Raven,Greenan,rgreenane2@eventbrite.com,Female,212.245.43.255
508,Rolph,Denington,rdeningtone3@devhub.com,Male,47.113.236.191
509,Vale,Merlin,vmerline4@indiegogo.com,Male,65.226.65.164
510,Sarita,Taks,stakse5@ucsd.edu,Female,103.37.44.98
511,Hortensia,Schultze,hschultzee6@weebly.com,Female,227.35.196.90
512,Artus,Beri,aberie7@unblog.fr,Male,42.38.147.164
513,Charlton,Menelaws,cmenelawse8@infoseek.co.jp,Male,232.12.28.138
514,Josias,Hasley,jhasleye9@noaa.gov,Male,101.104.196.145
515,Justen,McKevitt,jmckevittea@spotify.com,Male,112.71.235.150
516,Maible,Bonas,mbonaseb@netlog.com,Female,26.216.8.135
517,Cara,Sustin,csustinec@weather.com,Female,155.208.6.30
518,Willard,Windeatt,wwindeatted@jimdo.com,Male,128.248.154.176
519,Noreen,Perfect,nperfectee@indiatimes.com,Female,124.25.40.165
520,Ag,St Angel,astangelef@discuz.net,Female,177.76.71.138
521,Ives,Samuels,isamuelseg@delicious.com,Male,188.174.10.113
522,Terrence,Gowrie,tgowrieeh@lycos.com,Male,208.75.245.247
523,Pincas,Gwynn,pgwynnei@redcross.org,Male,120.140.81.144
524,Yulma,Roo,yrooej@about.com,Male,174.227.186.31
525,Guenna,Webburn,gwebburnek@indiegogo.com,Female,6.111.175.37
526,Washington,Walmsley,wwalmsleyel@toplist.cz,Male,184.142.220.234
527,Anett,Osborn,aosbornem@ocn.ne.jp,Female,70.149.30.212
528,Ashleigh,Mundie,amundieen@msn.com,Female,68.121.12.97
529,Moses,Harrold,mharroldeo@whitehouse.gov,Male,20.45.11.64
530,Seamus,Gehricke,sgehrickeep@freewebs.com,Male,84.202.239.126
531,Alejandra,Learman,alearmaneq@ask.com,Female,250.56.103.2
532,Gianina,Siemandl,gsiemandler@ning.com,Female,244.204.3.65
533,Leticia,Toke,ltokees@w3.org,Female,147.97.133.97
534,Elora,Lyon,elyonet@pagesperso-orange.fr,Female,3.141.26.42
535,Beatrix,Bugdall,bbugdalleu@ft.com,Female,42.126.130.240
536,Joanie,Pawsey,jpawseyev@fastcompany.com,Female,31.155.192.129
537,Dennison,Eldredge,deldredgeew@yandex.ru,Male,29.7.37.29
538,Lionello,Rampage,lrampageex@wisc.edu,Male,67.196.74.2
539,Ludovico,Chick,lchickey@shutterfly.com,Male,155.37.175.127
540,Alicia,Lorenzetti,alorenzettiez@senate.gov,Female,161.213.224.185
541,Donica,Dakin,ddakinf0@cnn.com,Female,104.70.211.196
542,Ulrich,Friskey,ufriskeyf1@comsenz.com,Male,18.208.111.88
543,Pru,Richly,prichlyf2@nytimes.com,Female,203.112.54.47
544,Duke,Yonge,dyongef3@nba.com,Male,199.222.61.169
545,Pate,Colquyte,pcolquytef4@goo.ne.jp,Male,228.84.155.123
546,Kaitlin,Oldrey,koldreyf5@illinois.edu,Female,118.245.199.7
547,Saleem,Giampietro,sgiampietrof6@delicious.com,Male,200.60.197.190
548,Willdon,Unger,wungerf7@hao123.com,Male,254.13.212.71
549,Stafani,Darben,sdarbenf8@homestead.com,Female,209.92.43.96
550,Rosalind,Hegley,rhegleyf9@theguardian.com,Female,78.181.137.133
551,Rhett,Linebarger,rlinebargerfa@fema.gov,Male,127.123.93.88
552,Teodora,MacGilrewy,tmacgilrewyfb@homestead.com,Female,192.222.31.5
553,Silvan,Brendeke,sbrendekefc@photobucket.com,Male,8.189.154.162
554,Ruddy,Sharples,rsharplesfd@scribd.com,Male,232.38.167.19
555,Bess,Crimpe,bcrimpefe@prlog.org,Female,110.235.60.147
556,Darsie,Sugarman,dsugarmanff@cloudflare.com,Female,187.114.124.10
557,Daren,Trahar,dtraharfg@hatena.ne.jp,Male,23.91.135.164
558,Kit,Tilly,ktillyfh@alexa.com,Female,3.13.181.26
559,Den,Phayre,dphayrefi@360.cn,Male,76.169.158.108
560,Reilly,Codrington,rcodringtonfj@spiegel.de,Male,245.4.143.24
561,Kylen,Seaton,kseatonfk@businessinsider.com,Female,108.241.22.185
562,Haydon,McIlwraith,hmcilwraithfl@squarespace.com,Male,198.126.91.192
563,Myrvyn,Alexsandrev,malexsandrevfm@about.com,Male,104.248.14.34
564,Lyndsey,Middlewick,lmiddlewickfn@ed.gov,Female,239.199.11.150
565,Nefen,Stallan,nstallanfo@printfriendly.com,Male,235.142.20.199
566,Cornie,Trainer,ctrainerfp@w3.org,Male,174.3.70.196
567,Susanna,Cantrill,scantrillfq@wordpress.org,Female,169.3.220.92
568,Sally,Davion,sdavionfr@over-blog.com,Female,117.73.106.174
569,Frazer,Finn,ffinnfs@businessinsider.com,Male,232.27.197.118
570,Rosabel,Avrahamoff,ravrahamoffft@baidu.com,Female,171.139.67.203
571,Marilee,Duffy,mduffyfu@mlb.com,Female,84.251.120.25
572,Brennan,MacAlpine,bmacalpinefv@csmonitor.com,Male,230.86.171.58
573,Mab,Robet,mrobetfw@sun.com,Female,196.205.244.3
574,Alex,Serris,aserrisfx@canalblog.com,Female,234.63.183.51
575,Elisa,Kolis,ekolisfy@aboutads.info,Female,27.168.181.93
576,Cosette,Carruth,ccarruthfz@wufoo.com,Female,44.39.213.122
577,Alyssa,Spurrett,aspurrettg0@smh.com.au,Female,239.46.6.107
578,Odelinda,Lambersen,olamberseng1@sohu.com,Female,233.51.151.21
579,Aloysia,Trappe,atrappeg2@ucoz.ru,Female,18.238.237.107
580,Axe,Rickards,arickardsg3@blogtalkradio.com,Male,133.140.90.6
581,Adi,Segrave,asegraveg4@npr.org,Female,190.128.253.60
582,Mayer,Coaten,mcoateng5@twitpic.com,Male,217.234.55.190
583,Sheppard,Warhurst,swarhurstg6@time.com,Male,184.138.53.53
584,Werner,Carless,wcarlessg7@msn.com,Male,219.123.250.219
585,Melicent,Grzelczak,mgrzelczakg8@hc360.com,Female,35.55.209.103
586,Elsinore,Pettendrich,epettendrichg9@fotki.com,Female,14.212.163.26
587,Maximo,Pettigrew,mpettigrewga@uiuc.edu,Male,221.173.59.146
588,Arin,Keyhoe,akeyhoegb@liveinternet.ru,Male,153.47.240.28
589,Amii,McVity,amcvitygc@upenn.edu,Female,168.100.179.63
590,Demetris,Normanvell,dnormanvellgd@paginegialle.it,Male,22.102.240.186
591,Adiana,Rappaport,arappaportge@php.net,Female,34.162.138.32
592,Joshia,Springell,jspringellgf@webmd.com,Male,217.84.106.237
593,Blair,Londing,blondinggg@privacy.gov.au,Female,255.194.201.217
594,Clemmie,Josefs,cjosefsgh@feedburner.com,Male,88.152.16.109
595,Zsa zsa,MacTeggart,zmacteggartgi@usatoday.com,Female,245.88.20.135
596,Jasen,Cowterd,jcowterdgj@acquirethisname.com,Male,192.150.210.57
597,Tatiana,Tregent,ttregentgk@cornell.edu,Female,50.81.11.179
598,Drake,Cobbold,dcobboldgl@cpanel.net,Male,43.218.211.39
599,Bendicty,Chadwen,bchadwengm@wikipedia.org,Male,35.25.102.241
600,Zelig,Wike,zwikegn@techcrunch.com,Male,48.98.247.99
601,Nike,Scourgie,nscourgiego@theguardian.com,Female,6.167.9.112
602,Jacquie,Wallbridge,jwallbridgegp@smugmug.com,Female,111.129.93.73
603,Christalle,Dewett,cdewettgq@youtube.com,Female,235.21.251.188
604,Rebbecca,Loughnan,rloughnangr@merriam-webster.com,Female,77.53.204.213
605,Lewie,Bertin,lbertings@ow.ly,Male,199.155.51.140
606,Kelsey,Puzey,kpuzeygt@cbsnews.com,Male,158.15.11.3
607,Tammie,Jeskin,tjeskingu@nasa.gov,Male,154.56.172.32
608,Charis,Buse,cbusegv@yahoo.co.jp,Female,226.69.151.236
609,Beniamino,Chainey,bchaineygw@redcross.org,Male,14.120.65.169
610,Corrinne,Tremayle,ctremaylegx@chicagotribune.com,Female,27.155.140.161
611,Brenna,Werendell,bwerendellgy@howstuffworks.com,Female,9.22.229.29
612,Adan,Birkbeck,abirkbeckgz@newyorker.com,Male,147.92.181.222
613,Marj,Duding,mdudingh0@homestead.com,Female,24.41.163.23
614,Friedrich,O'Cleary,foclearyh1@eepurl.com,Male,78.222.33.59
615,Fawn,Fido,ffidoh2@dyndns.org,Female,44.57.21.119
616,Henka,Lavigne,hlavigneh3@jimdo.com,Female,208.219.76.93
617,Andriette,Vannuccinii,avannucciniih4@amazon.com,Female,17.171.156.22
618,Osbourne,Sturman,osturmanh5@twitter.com,Male,37.27.223.184
619,Elmira,Bilney,ebilneyh6@trellian.com,Female,225.48.125.26
620,Birgit,Ghirigori,bghirigorih7@live.com,Female,160.130.249.70
621,Hamil,Glenfield,hglenfieldh8@cam.ac.uk,Male,1.199.24.35
622,Tad,Roe,troeh9@ustream.tv,Male,101.160.242.22
623,Lillian,Tanzig,ltanzigha@squarespace.com,Female,39.123.80.98
624,Charlean,Wimp,cwimphb@slate.com,Female,205.162.41.176
625,Isadore,Sturm,isturmhc@patch.com,Male,163.153.0.237
626,Jerrie,Coniff,jconiffhd@soup.io,Male,115.128.110.244
627,Aviva,Biggerstaff,abiggerstaffhe@who.int,Female,235.228.153.91
628,Forester,Jeaffreson,fjeaffresonhf@a8.net,Male,172.207.159.53
629,Rori,Joburn,rjoburnhg@businessinsider.com,Female,40.69.5.251
630,Reagan,Lyptrade,rlyptradehh@artisteer.com,Male,96.252.68.34
631,Molli,Scowen,mscowenhi@shareasale.com,Female,21.38.58.140
632,Xerxes,Yakovich,xyakovichhj@biglobe.ne.jp,Male,221.187.164.157
633,Eilis,MacNeish,emacneishhk@google.co.jp,Female,74.233.69.169
634,Gloria,Van de Vlies,gvandevlieshl@discuz.net,Female,168.174.176.252
635,Elenore,Gosnay,egosnayhm@scribd.com,Female,132.238.32.90
636,Ashia,Lawerence,alawerencehn@ed.gov,Female,194.138.128.230
637,Justinn,Hurich,jhurichho@shop-pro.jp,Female,219.12.31.161
638,Ritchie,Hinchshaw,rhinchshawhp@biblegateway.com,Male,20.97.247.81
639,Nada,Willey,nwilleyhq@jimdo.com,Female,107.183.185.238
640,Jehanna,Kellaway,jkellawayhr@forbes.com,Female,222.211.217.56
641,Marcelo,Cammoile,mcammoilehs@xrea.com,Male,74.243.109.254
642,Irvin,Golda,igoldaht@accuweather.com,Male,96.204.198.200
643,Frannie,Rivaland,frivalandhu@fda.gov,Male,138.71.183.248
644,Samantha,Nowland,snowlandhv@answers.com,Female,80.43.169.210
645,Allyn,Fullerton,afullertonhw@friendfeed.com,Female,133.64.58.244
646,Meara,Sapsforde,msapsfordehx@etsy.com,Female,34.27.63.117
647,Baxy,Corbyn,bcorbynhy@cloudflare.com,Male,139.192.136.65
648,Townie,Keeton,tkeetonhz@prlog.org,Male,69.149.27.201
649,Bibbye,Dechelle,bdechellei0@icq.com,Female,106.212.69.86
650,Manfred,Shew,mshewi1@bbb.org,Male,137.241.173.238
651,Konstance,Glenton,kglentoni2@amazonaws.com,Female,91.201.189.168
652,Liesa,Klaaasen,lklaaaseni3@gnu.org,Female,5.111.158.120
653,Wyndham,Cottage,wcottagei4@dmoz.org,Male,5.122.117.1
654,Kriste,Crumb,kcrumbi5@walmart.com,Female,2.189.209.74
655,Carmina,Cawood,ccawoodi6@cyberchimps.com,Female,203.152.210.236
656,Giselle,Crutch,gcrutchi7@ebay.com,Female,37.192.254.42
657,Torie,Kohrsen,tkohrseni8@nymag.com,Female,210.8.195.110
658,Idalia,McAughtrie,imcaughtriei9@networksolutions.com,Female,160.199.251.73
659,Llywellyn,Hansley,lhansleyia@wikimedia.org,Male,244.144.38.36
660,Alvan,Gawkes,agawkesib@baidu.com,Male,192.8.72.154
661,Godfry,Shimwall,gshimwallic@auda.org.au,Male,51.162.12.229
662,Robbie,Ungaretti,rungarettiid@spotify.com,Female,243.134.148.183
663,Veronike,Dugdale,vdugdaleie@google.it,Female,243.34.108.154
664,Goddard,Elcum,gelcumif@columbia.edu,Male,196.224.88.245
665,Hubey,Vedyashkin,hvedyashkinig@studiopress.com,Male,206.166.101.102
666,Mischa,Camden,mcamdenih@google.ca,Male,54.20.219.10
667,Harrison,Broschek,hbroschekii@nsw.gov.au,Male,142.26.143.206
668,Ogdon,Edginton,oedgintonij@barnesandnoble.com,Male,161.181.62.172
669,Nelson,Andreasen,nandreasenik@hp.com,Male,242.206.110.32
670,Petrina,Sillito,psillitoil@epa.gov,Female,114.102.70.130
671,Vincent,Fossett,vfossettim@yale.edu,Male,103.105.85.24
672,Noellyn,Cornwall,ncornwallin@woothemes.com,Female,179.194.111.238
673,Dale,Infantino,dinfantinoio@newsvine.com,Female,120.172.106.54
674,Gillan,Proom,gproomip@sun.com,Female,72.34.228.171
675,Nester,Abrahams,nabrahamsiq@si.edu,Male,232.110.1.49
676,Hewe,Grim,hgrimir@over-blog.com,Male,23.227.103.248
677,Irwin,Couttes,icouttesis@taobao.com,Male,164.133.88.30
678,Jandy,Pagelsen,jpagelsenit@dell.com,Female,229.154.236.232
679,Hester,Manssuer,hmanssueriu@pen.io,Female,171.69.174.105
680,Loria,Corrett,lcorrettiv@reference.com,Female,7.249.91.28
681,Gusti,Crebbin,gcrebbiniw@google.de,Female,167.242.205.106
682,Vivian,Denzilow,vdenzilowix@mit.edu,Female,168.186.93.196
683,Putnam,Rabbage,prabbageiy@army.mil,Male,65.142.201.142
684,Brendon,Trynor,btrynoriz@hostgator.com,Male,31.219.60.43
685,Kellia,Bengochea,kbengocheaj0@blog.com,Female,97.72.61.6
686,Stefa,Ruprecht,sruprechtj1@reddit.com,Female,45.99.65.56
687,Shermy,Medeway,smedewayj2@soundcloud.com,Male,45.126.151.231
688,Ketty,Janc,kjancj3@walmart.com,Female,89.8.76.185
689,Goddart,Smallcombe,gsmallcombej4@youtu.be,Male,150.15.217.245
690,Julio,Nani,jnanij5@kickstarter.com,Male,1.110.171.230
691,Tony,Stovold,tstovoldj6@cpanel.net,Female,244.61.14.199
692,Holt,Laite,hlaitej7@mlb.com,Male,72.82.152.183
693,Maynard,Squirrell,msquirrellj8@examiner.com,Male,148.207.137.29
694,Rolfe,Rabb,rrabbj9@discuz.net,Male,157.160.194.199
695,Whittaker,Palatini,wpalatinija@list-manage.com,Male,36.30.51.234
696,Jervis,Fairlam,jfairlamjb@mail.ru,Male,103.146.220.130
697,Dreddy,Revington,drevingtonjc@linkedin.com,Female,157.111.159.194
698,Jaquelin,Lambal,jlambaljd@theatlantic.com,Female,212.93.107.187
699,Cort,Lodwick,clodwickje@goo.ne.jp,Male,92.15.252.95
700,Tedda,Schustl,tschustljf@bloglovin.com,Female,224.10.189.26
701,Cymbre,Wardlow,cwardlowjg@comsenz.com,Female,180.96.118.120
702,Adams,Rosenschein,arosenscheinjh@xing.com,Male,152.21.253.145
703,Taite,Machon,tmachonji@prlog.org,Male,102.18.202.136
704,Pieter,Klimkov,pklimkovjj@1688.com,Male,96.122.161.147
705,Doralynn,Girodon,dgirodonjk@google.fr,Female,210.50.27.11
706,Karoline,Josselsohn,kjosselsohnjl@infoseek.co.jp,Female,96.82.33.236
707,Mill,Picard,mpicardjm@yandex.ru,Male,141.127.32.231
708,Laryssa,Eatock,leatockjn@cafepress.com,Female,240.45.217.226
709,Maxwell,Lilie,mliliejo@twitter.com,Male,138.14.166.55
710,Jory,Gabbatiss,jgabbatissjp@simplemachines.org,Male,188.52.15.38
711,Courtenay,Spear,cspearjq@taobao.com,Female,140.55.71.176
712,Pembroke,Lorraway,plorrawayjr@ca.gov,Male,70.28.20.71
713,Bran,Gleader,bgleaderjs@nymag.com,Male,146.142.49.186
714,Andre,Weekland,aweeklandjt@mozilla.com,Male,126.54.242.65
715,Kamilah,Holyland,kholylandju@icq.com,Female,88.162.102.141
716,Whitaker,Bleas,wbleasjv@networksolutions.com,Male,206.128.219.42
717,Humfrey,Morsley,hmorsleyjw@amazon.de,Male,30.57.167.14
718,Odell,Rabier,orabierjx@mac.com,Male,205.108.126.140
719,Ahmed,Sevitt,asevittjy@stanford.edu,Male,155.77.92.194
720,Lucy,Simanenko,lsimanenkojz@illinois.edu,Female,243.149.30.54
721,Michele,Geeraert,mgeeraertk0@myspace.com,Female,244.201.82.86
722,Morgan,Maskelyne,mmaskelynek1@spotify.com,Female,94.168.76.174
723,Cazzie,Seagar,cseagark2@wp.com,Male,54.216.47.68
724,Karlan,Dwelley,kdwelleyk3@jiathis.com,Male,231.98.225.193
725,Brynna,Hoyte,bhoytek4@paypal.com,Female,102.39.185.154
726,Filberte,Abrams,fabramsk5@canalblog.com,Male,0.40.94.13
727,Gerek,MacGauhy,gmacgauhyk6@bbb.org,Male,218.212.208.168
728,Lydon,Hawking,lhawkingk7@tinyurl.com,Male,221.26.241.60
729,Reuben,Fritchly,rfritchlyk8@barnesandnoble.com,Male,24.131.50.247
730,Cammy,Purvess,cpurvessk9@gnu.org,Female,117.210.207.6
731,Hedvig,Dagon,hdagonka@reuters.com,Female,6.23.156.73
732,Rene,De La Haye,rdelahayekb@slashdot.org,Male,39.86.232.99
733,Boris,De Vuyst,bdevuystkc@weebly.com,Male,43.200.147.8
734,Roddie,Wellbeloved,rwellbelovedkd@home.pl,Male,25.13.129.140
735,Olly,Warlock,owarlockke@sourceforge.net,Female,176.9.124.216
736,Amory,Sleet,asleetkf@elpais.com,Male,20.251.36.195
737,Giraud,Wyper,gwyperkg@bluehost.com,Male,64.149.77.200
738,Irv,Chieze,ichiezekh@businessinsider.com,Male,231.87.24.61
739,Fiann,Nend,fnendki@creativecommons.org,Female,242.13.33.19
740,Nikolos,Chatenier,nchatenierkj@vinaora.com,Male,71.51.105.116
741,Spike,Filippo,sfilippokk@google.es,Male,9.61.17.9
742,Debra,Pummery,dpummerykl@jalbum.net,Female,41.246.220.75
743,Blair,Warrier,bwarrierkm@webnode.com,Male,245.67.176.26
744,Niels,Darth,ndarthkn@bbb.org,Male,198.197.124.204
745,Moll,Tirone,mtironeko@dmoz.org,Female,156.178.16.114
746,Cornie,Simounet,csimounetkp@pinterest.com,Female,41.181.92.162
747,Carling,Slate,cslatekq@ask.com,Male,81.46.171.127
748,Otis,Hoyt,ohoytkr@ucsd.edu,Male,60.115.207.154
749,Cesare,Carmo,ccarmoks@wordpress.com,Male,233.252.121.24
750,Della,Sloan,dsloankt@seesaa.net,Female,92.204.90.44
751,Carney,McMinn,cmcminnku@bandcamp.com,Male,235.255.48.49
752,Rayshell,Inglis,ringliskv@blog.com,Female,18.75.105.143
753,Stanley,Bowart,sbowartkw@shop-pro.jp,Male,65.136.185.230
754,Gian,Mossbee,gmossbeekx@miitbeian.gov.cn,Male,20.154.12.198
755,Somerset,Kingett,skingettky@mysql.com,Male,180.130.193.109
756,Derrik,Applegarth,dapplegarthkz@booking.com,Male,244.110.177.186
757,Heda,Dripp,hdrippl0@berkeley.edu,Female,41.70.59.133
758,Connor,Ulyatt,culyattl1@hc360.com,Male,7.14.170.80
759,Shanan,MacCaughey,smaccaugheyl2@dailymotion.com,Male,210.156.153.228
760,Sinclare,Greschik,sgreschikl3@ustream.tv,Male,224.14.164.118
761,Blanca,Gleadhall,bgleadhalll4@google.es,Female,38.90.126.106
762,Dell,Channon,dchannonl5@chicagotribune.com,Female,135.95.133.31
763,Meridith,Kittiman,mkittimanl6@admin.ch,Female,178.119.178.123
764,Kayle,Twaite,ktwaitel7@bigcartel.com,Female,34.248.3.5
765,Mia,Tomasik,mtomasikl8@cargocollective.com,Female,48.250.89.163
766,Nappy,Swin,nswinl9@buzzfeed.com,Male,181.245.145.17
767,Ayn,Jowle,ajowlela@narod.ru,Female,150.208.162.117
768,Roze,Redfern,rredfernlb@cdc.gov,Female,156.228.87.155
769,Raina,Hayen,rhayenlc@biglobe.ne.jp,Female,109.117.209.14
770,Delbert,Dimmne,ddimmneld@a8.net,Male,177.227.214.111
771,Stanford,Champken,schampkenle@howstuffworks.com,Male,247.44.240.141
772,Jenna,Monkton,jmonktonlf@blinklist.com,Female,177.159.106.161
773,Deeann,Balderston,dbalderstonlg@princeton.edu,Female,135.90.248.151
774,Jo ann,Mor,jmorlh@fema.gov,Female,138.187.174.112
775,Granny,Peche,gpecheli@nbcnews.com,Male,134.199.187.35
776,Val,Pugsley,vpugsleylj@blogger.com,Male,131.95.85.206
777,Randal,Reffe,rreffelk@mail.ru,Male,35.138.93.101
778,Gabriella,Lydden,glyddenll@seattletimes.com,Female,170.138.193.34
779,Vergil,Coweuppe,vcoweuppelm@utexas.edu,Male,18.221.99.174
780,Raeann,Byrch,rbyrchln@mysql.com,Female,181.44.51.69
781,Vasili,Shears,vshearslo@bloomberg.com,Male,57.103.8.0
782,Fidelity,Croxon,fcroxonlp@freewebs.com,Female,172.186.138.18
783,Lori,Wanden,lwandenlq@msn.com,Female,34.150.90.155
784,Olenka,Gower,ogowerlr@nationalgeographic.com,Female,97.199.199.68
785,Myer,Isbell,misbellls@indiegogo.com,Male,241.238.193.210
786,Che,Dunks,cdunkslt@xing.com,Male,17.215.15.234
787,Annnora,Chadburn,achadburnlu@unblog.fr,Female,200.161.28.170
788,Xaviera,Torfin,xtorfinlv@pcworld.com,Female,131.175.189.30
789,Darsey,Govey,dgoveylw@hugedomains.com,Female,242.171.111.245
790,Townie,Beccera,tbecceralx@macromedia.com,Male,244.177.164.124
791,Anabella,Josephsen,ajosephsenly@youtu.be,Female,184.212.131.135
792,Rori,Phythien,rphythienlz@wikipedia.org,Female,39.43.248.87
793,Flory,Agass,fagassm0@pagesperso-orange.fr,Male,139.7.66.159
794,Ann-marie,Filintsev,afilintsevm1@senate.gov,Female,148.43.221.193
795,Connor,D'Aulby,cdaulbym2@amazon.de,Male,86.131.255.122
796,Baryram,Waitland,bwaitlandm3@mozilla.org,Male,111.15.69.254
797,Raye,Fountaine,rfountainem4@illinois.edu,Female,96.61.200.28
798,Celene,Drohun,cdrohunm5@cbc.ca,Female,234.234.40.90
799,Whitby,Abbe,wabbem6@ucla.edu,Male,253.164.138.180
800,Riva,Cooch,rcoochm7@washington.edu,Female,71.51.225.227
801,Emmey,Dinse,edinsem8@cornell.edu,Female,207.216.15.112
802,Aldin,Nadin,anadinm9@globo.com,Male,56.176.207.162
803,Staci,Rusling,sruslingma@ted.com,Female,21.202.106.231
804,Antoinette,Nolda,anoldamb@chicagotribune.com,Female,170.227.30.61
805,Hermy,Harbord,hharbordmc@noaa.gov,Male,120.23.135.33
806,Matty,Rasher,mrashermd@wisc.edu,Male,77.197.188.12
807,Niven,Lorimer,nlorimerme@php.net,Male,87.247.108.39
808,Heather,Newlove,hnewlovemf@wikipedia.org,Female,60.204.53.216
809,Alma,Vescovini,avescovinimg@tuttocitta.it,Female,39.0.35.215
810,Erna,Mackney,emackneymh@stumbleupon.com,Female,195.204.20.202
811,Sonni,Gariff,sgariffmi@aboutads.info,Female,8.214.51.250
812,Winonah,Dacombe,wdacombemj@globo.com,Female,254.159.250.121
813,Agnes,Reye,areyemk@1und1.de,Female,118.29.140.94
814,Bent,Ferri,bferriml@mapy.cz,Male,197.193.8.135
815,Hayes,Fraulo,hfraulomm@mlb.com,Male,172.184.82.36
816,Willow,Moran,wmoranmn@nasa.gov,Female,135.128.99.50
817,Prudi,Giffard,pgiffardmo@cisco.com,Female,233.167.120.44
818,Kinny,Hubbold,khubboldmp@issuu.com,Male,233.193.2.191
819,Cherye,McLanaghan,cmclanaghanmq@upenn.edu,Female,191.137.157.17
820,Tristam,Cossum,tcossummr@goo.ne.jp,Male,195.16.193.226
821,Agata,Kumaar,akumaarms@angelfire.com,Female,157.211.122.130
822,Arman,Shorthill,ashorthillmt@t.co,Male,88.59.174.253
823,Ericha,Lafranconi,elafranconimu@toplist.cz,Female,94.77.134.107
824,Darrick,Sibbering,dsibberingmv@youtu.be,Male,78.136.69.70
825,Lorraine,Yurkov,lyurkovmw@sohu.com,Female,75.170.82.74
826,Trey,Hanney,thanneymx@nbcnews.com,Male,233.249.215.70
827,Peta,McMeyler,pmcmeylermy@auda.org.au,Female,138.81.113.160
828,Idalina,Eaddy,ieaddymz@telegraph.co.uk,Female,123.179.37.179
829,Charlotte,Bumford,cbumfordn0@toplist.cz,Female,168.227.248.232
830,Diarmid,Oades,doadesn1@ibm.com,Male,194.91.72.239
831,Grenville,Ibbeson,gibbesonn2@nydailynews.com,Male,247.40.157.74
832,Hamlen,De la Feld,hdelafeldn3@auda.org.au,Male,102.196.184.106
833,Robyn,Toward,rtowardn4@ezinearticles.com,Female,237.84.196.240
834,Callie,Duffitt,cduffittn5@google.ca,Female,29.138.173.24
835,Jeddy,Mosdell,jmosdelln6@nih.gov,Male,193.206.3.219
836,Elsi,Lorroway,elorrowayn7@last.fm,Female,125.2.109.91
837,Shawn,Granville,sgranvillen8@blogger.com,Male,218.140.56.109
838,Liliane,Petford,lpetfordn9@ameblo.jp,Female,252.69.162.103
839,Adena,Sulland,asullandna@ovh.net,Female,194.88.245.63
840,Jethro,Longhurst,jlonghurstnb@com.com,Male,151.78.241.140
841,Verina,Crowest,vcrowestnc@comsenz.com,Female,214.6.246.215
842,Cecilla,Peyzer,cpeyzernd@cbslocal.com,Female,80.147.149.33
843,Shelli,Bollard,sbollardne@e-recht24.de,Female,20.65.233.209
844,Hugh,Canavan,hcanavannf@google.pl,Male,189.174.207.42
845,Tynan,Luc,tlucng@bbc.co.uk,Male,148.87.222.155
846,Terrill,Judson,tjudsonnh@edublogs.org,Male,210.48.51.46
847,Kathye,Botfield,kbotfieldni@devhub.com,Female,246.151.235.255
848,Micky,Marikhin,mmarikhinnj@wikispaces.com,Male,82.29.70.202
849,Chickie,Grimble,cgrimblenk@moonfruit.com,Male,169.46.52.52
850,Debera,Hearst,dhearstnl@hhs.gov,Female,108.26.246.81
851,Julianna,Bruhn,jbruhnnm@accuweather.com,Female,25.195.216.142
852,Burl,Heartfield,bheartfieldnn@jalbum.net,Male,140.185.46.253
853,Fonsie,Hallex,fhallexno@accuweather.com,Male,166.225.247.36
854,Jone,Fortnon,jfortnonnp@hp.com,Male,146.168.142.89
855,Broddie,Rowland,browlandnq@w3.org,Male,9.221.242.218
856,Cathrine,Coils,ccoilsnr@a8.net,Female,254.12.63.135
857,Zacherie,Noli,znolins@amazon.com,Male,155.229.34.158
858,Wallis,Gynni,wgynnint@ask.com,Male,129.154.42.219
859,Collen,Fuzzey,cfuzzeynu@soup.io,Female,181.162.187.198
860,Dominique,Jagiela,djagielanv@pcworld.com,Female,173.46.217.169
861,Costa,Grimley,cgrimleynw@mtv.com,Male,224.166.78.152
862,Alex,Kaplan,akaplannx@hostgator.com,Female,203.235.230.12
863,Sonny,Rassmann,srassmannny@amazon.de,Male,52.99.113.56
864,Grantley,Rushbury,grushburynz@statcounter.com,Male,183.73.67.191
865,Shayne,Veelers,sveelerso0@hubpages.com,Female,90.131.236.11
866,Saunders,Skillicorn,sskillicorno1@github.io,Male,135.66.251.48
867,Georgetta,Woolward,gwoolwardo2@discuz.net,Female,214.76.144.77
868,Maxwell,Ivasyushkin,mivasyushkino3@taobao.com,Male,131.68.132.27
869,Iver,Jacob,ijacobo4@mayoclinic.com,Male,250.159.95.6
870,Emmet,Buckenham,ebuckenhamo5@pbs.org,Male,232.104.133.132
871,Davie,Sidaway,dsidawayo6@nyu.edu,Male,158.57.13.209
872,Jo,Sanson,jsansono7@about.me,Male,29.33.226.57
873,Gabriel,Greedy,ggreedyo8@123-reg.co.uk,Male,90.206.200.1
874,Allyn,Polino,apolinoo9@bing.com,Male,228.191.196.59
875,Malva,Kitching,mkitchingoa@cdbaby.com,Female,168.111.29.207
876,Willi,McAlpin,wmcalpinob@fc2.com,Male,167.166.16.25
877,Brear,Sumsion,bsumsionoc@trellian.com,Female,66.96.121.243
878,Lolly,Normavill,lnormavillod@hubpages.com,Female,149.76.252.189
879,Giuditta,Norres,gnorresoe@boston.com,Female,78.222.154.42
880,Abby,Corker,acorkerof@ibm.com,Female,224.102.44.49
881,Raimundo,Matevushev,rmatevushevog@biglobe.ne.jp,Male,193.171.168.247
882,Charmian,McKeggie,cmckeggieoh@g.co,Female,50.72.10.34
883,Danita,Twigg,dtwiggoi@usatoday.com,Female,255.79.241.251
884,Crystie,Pierton,cpiertonoj@merriam-webster.com,Female,90.75.19.5
885,Elisha,Sewley,esewleyok@cornell.edu,Female,23.121.22.109
886,Ashlin,Bandiera,abandieraol@spotify.com,Male,33.164.116.35
887,Pierson,Warlowe,pwarloweom@examiner.com,Male,231.158.94.21
888,Ware,Rubin,wrubinon@va.gov,Male,209.77.45.224
889,Valencia,Piechnik,vpiechnikoo@economist.com,Female,109.173.128.142
890,Dur,Ashwell,dashwellop@earthlink.net,Male,174.13.223.74
891,Ransom,Spurden,rspurdenoq@deliciousdays.com,Male,217.108.220.102
892,Gualterio,Medendorp,gmedendorpor@dedecms.com,Male,68.19.165.199
893,Morly,Cadigan,mcadiganos@feedburner.com,Male,65.99.87.238
894,Karee,Payle,kpayleot@webs.com,Female,20.244.116.230
895,Flemming,Yule,fyuleou@ifeng.com,Male,153.141.181.98
896,Jill,Novotni,jnovotniov@cdc.gov,Female,18.1.202.101
897,Westley,Tourner,wtournerow@cyberchimps.com,Male,34.10.66.82
898,Lothaire,Dumsday,ldumsdayox@altervista.org,Male,197.28.42.23
899,Lynette,McNess,lmcnessoy@intel.com,Female,67.27.240.205
900,Pepi,Dunderdale,pdunderdaleoz@fda.gov,Female,124.48.1.56
901,Suzanne,Budd,sbuddp0@wired.com,Female,16.191.205.255
902,Blinny,Hollindale,bhollindalep1@symantec.com,Female,67.34.213.160
903,Odille,Stefi,ostefip2@ning.com,Female,254.195.77.236
904,Daphne,Brinkley,dbrinkleyp3@so-net.ne.jp,Female,220.160.201.180
905,Collete,Matchell,cmatchellp4@drupal.org,Female,226.231.67.158
906,Brynne,Cator,bcatorp5@fastcompany.com,Female,129.74.155.169
907,Ondrea,Lockie,olockiep6@printfriendly.com,Female,125.186.67.121
908,Valery,Laudham,vlaudhamp7@pagesperso-orange.fr,Female,165.247.112.33
909,Ferd,Humphris,fhumphrisp8@4shared.com,Male,197.237.120.52
910,Rochelle,Denekamp,rdenekampp9@mac.com,Female,162.241.21.51
911,Theodoric,Pender,tpenderpa@1und1.de,Male,202.49.242.89
912,Ev,Buckthought,ebuckthoughtpb@webs.com,Male,56.110.155.215
913,Marybelle,O'Neil,moneilpc@macromedia.com,Female,80.84.13.105
914,Emmit,Alabastar,ealabastarpd@virginia.edu,Male,49.37.250.211
915,Mic,Axcell,maxcellpe@whitehouse.gov,Male,71.99.11.16
916,Hildagarde,Leaver,hleaverpf@opera.com,Female,143.244.33.132
917,Kathy,Boncoeur,kboncoeurpg@examiner.com,Female,121.76.132.34
918,Erich,Steggles,estegglesph@yahoo.co.jp,Male,101.196.146.148
919,Monro,Shadfourth,mshadfourthpi@skyrock.com,Male,146.229.138.245
920,Halsey,Steade,hsteadepj@go.com,Male,155.118.105.187
921,Gauthier,Shobbrook,gshobbrookpk@senate.gov,Male,1.162.181.135
922,Nahum,Ogglebie,nogglebiepl@bing.com,Male,21.204.75.84
923,Leif,Dubble,ldubblepm@furl.net,Male,36.5.208.38
924,Quintina,Le Hucquet,qlehucquetpn@a8.net,Female,109.45.92.68
925,Hally,Tomasik,htomasikpo@jigsy.com,Female,178.49.61.95
926,Stanwood,Wadwell,swadwellpp@cnn.com,Male,93.2.218.194
927,Ally,Szymon,aszymonpq@alexa.com,Female,73.170.175.91
928,Perla,Mattusevich,pmattusevichpr@cyberchimps.com,Female,249.158.86.29
929,Paolina,Lewsy,plewsyps@cpanel.net,Female,191.205.74.18
930,Gratiana,McQuillan,gmcquillanpt@china.com.cn,Female,59.136.216.234
931,Charil,Belton,cbeltonpu@nbcnews.com,Female,57.244.26.117
932,Ceil,Fassam,cfassampv@utexas.edu,Female,252.242.193.124
933,Garrik,Beningfield,gbeningfieldpw@technorati.com,Male,67.87.177.230
934,Angelo,Balducci,abalduccipx@nytimes.com,Male,241.217.206.93
935,Karen,Mowbury,kmowburypy@cornell.edu,Female,231.218.175.245
936,Jamill,Aveyard,javeyardpz@alexa.com,Male,159.30.75.126
937,Rodrique,Trumper,rtrumperq0@chicagotribune.com,Male,253.93.30.182
938,Valerye,Yoell,vyoellq1@timesonline.co.uk,Female,21.174.109.123
939,Beverley,Martynov,bmartynovq2@addtoany.com,Female,165.71.230.115
940,Matias,Armall,marmallq3@shutterfly.com,Male,54.148.112.43
941,Horst,De Leek,hdeleekq4@latimes.com,Male,252.37.65.101
942,Isahella,Skeldinge,iskeldingeq5@paypal.com,Female,239.28.34.32
943,Carlee,Kenforth,ckenforthq6@trellian.com,Female,23.50.44.184
944,Francis,Carslaw,fcarslawq7@wordpress.com,Male,222.118.76.39
945,Renie,Kimbley,rkimbleyq8@dmoz.org,Female,24.226.248.235
946,Brockie,Mongeot,bmongeotq9@statcounter.com,Male,254.252.185.198
947,Elsworth,Orehead,eoreheadqa@cbslocal.com,Male,215.228.53.126
948,Chilton,Aubrun,caubrunqb@si.edu,Male,175.215.141.44
949,Krista,L'Homme,klhommeqc@aol.com,Female,200.63.235.155
950,Ertha,Matuszynski,ematuszynskiqd@fc2.com,Female,100.136.99.11
951,Artus,Stoke,astokeqe@about.com,Male,224.209.85.254
952,Maitilde,Lippiatt,mlippiattqf@seattletimes.com,Female,143.69.9.202
953,Maribel,Iori,mioriqg@example.com,Female,235.128.141.100
954,Claybourne,Gilyatt,cgilyattqh@google.it,Male,108.254.87.198
955,Janeva,Fuxman,jfuxmanqi@ocn.ne.jp,Female,27.138.122.73
956,Ailyn,Tucsell,atucsellqj@phpbb.com,Female,103.147.236.83
957,Andrew,Chamberlen,achamberlenqk@flavors.me,Male,225.43.142.123
958,Chrissie,Beddis,cbeddisql@bloglines.com,Female,229.53.60.90
959,Brett,Ioan,bioanqm@harvard.edu,Male,55.207.160.92
960,Torey,Ginty,tgintyqn@devhub.com,Male,80.200.27.98
961,Gabriel,Pietrasik,gpietrasikqo@opera.com,Male,220.196.152.61
962,Ketti,Worsfield,kworsfieldqp@edublogs.org,Female,56.217.248.209
963,Tierney,Humphris,thumphrisqq@imgur.com,Female,152.35.234.16
964,Kara-lynn,Oakwell,koakwellqr@utexas.edu,Female,56.207.239.143
965,Corey,Duggon,cduggonqs@statcounter.com,Male,110.226.143.40
966,Allister,Densham,adenshamqt@boston.com,Male,108.237.10.254
967,Ives,Hallad,ihalladqu@bbc.co.uk,Male,63.243.1.99
968,Rozella,Rochford,rrochfordqv@slate.com,Female,154.2.215.121
969,Gregory,Ashpole,gashpoleqw@abc.net.au,Male,111.193.85.133
970,Xenia,Busst,xbusstqx@msu.edu,Female,168.209.36.51
971,Maegan,Cisco,mciscoqy@webs.com,Female,31.153.193.237
972,Floria,McIlveen,fmcilveenqz@spotify.com,Female,112.197.129.241
973,Ellie,Warder,ewarderr0@time.com,Female,107.11.80.211
974,Mendel,Shovell,mshovellr1@tmall.com,Male,131.238.237.37
975,Levi,Condict,lcondictr2@soup.io,Male,111.107.79.195
976,Aurie,Donlon,adonlonr3@desdev.cn,Female,195.166.180.7
977,Lisetta,Brocket,lbrocketr4@wordpress.com,Female,181.60.117.101
978,Isak,Treadaway,itreadawayr5@cisco.com,Male,60.130.218.162
979,Keene,Tudhope,ktudhoper6@ucsd.edu,Male,150.22.84.211
980,Tallia,Westcarr,twestcarrr7@google.de,Female,225.227.25.42
981,Carlyn,Clingoe,cclingoer8@yellowpages.com,Female,49.193.63.226
982,Marcellina,Kybird,mkybirdr9@npr.org,Female,218.45.254.152
983,Adrien,Fludder,afludderra@wordpress.com,Male,155.145.192.101
984,Cal,Burnyeat,cburnyeatrb@soundcloud.com,Female,14.34.247.232
985,Roseanne,Mallinson,rmallinsonrc@ezinearticles.com,Female,44.38.210.178
986,Amy,Tidd,atiddrd@alexa.com,Female,181.206.236.101
987,Efrem,Lindenbaum,elindenbaumre@amazonaws.com,Male,17.159.30.192
988,Dena,Arnaudi,darnaudirf@stanford.edu,Female,27.14.242.21
989,Clerkclaude,Banes,cbanesrg@nbcnews.com,Male,153.132.223.88
990,Ysabel,MacSherry,ymacsherryrh@blogtalkradio.com,Female,90.244.175.88
991,Basia,Glander,bglanderri@baidu.com,Female,76.227.250.172
992,Scarlett,Rowlin,srowlinrj@foxnews.com,Female,2.50.234.4
993,Trula,Fuidge,tfuidgerk@comsenz.com,Female,75.5.135.157
994,Chlo,Ghion,cghionrl@devhub.com,Female,132.94.162.42
995,Hervey,Kennelly,hkennellyrm@cbc.ca,Male,249.164.226.248
996,Tamara,Knobell,tknobellrn@plala.or.jp,Female,255.25.35.57
997,Forbes,Feetham,ffeethamro@sun.com,Male,108.148.27.183
998,Consuela,Fairall,cfairallrp@yelp.com,Female,120.227.28.51
999,Ada,Romain,aromainrq@wikimedia.org,Female,29.22.255.17
1000,Leonanie,Caseborne,lcasebornerr@google.cn,Female,233.156.38.112
